neighbor,cosine_similarity
Cuernavaca,0.9887658868030847
Toluca,0.9887532352472352
Puebla,0.9681642605478264
Tlaxcala,0.9650534640673514
Pachuca,0.964257352567372
