neighbor,cosine_similarity
Morelia,0.9397257591074092
Guanajuato,0.8973840727913388
Toluca,0.8949573737954616
Tepic,0.8921834228499641
Queretaro,0.8921457866013606
