neighbor,cosine_similarity
Saltillo,0.9773959189129742
Ciudad Victoria,0.8103658355346766
San Luis Potosi,0.6026023075216632
Chihuahua,0.481512236290916
Zacatecas,0.4735661560028884
