image,rank,pred_lat,pred_lon,probability
cdmx.jpg,1,19.42833709716797,-99.16573333740234,0.030767546966671944
cdmx.jpg,2,19.426973342895508,-99.16845703125,0.030495114624500275
cdmx.jpg,3,19.427106857299805,-99.16751098632812,0.030313080176711082
cdmx.jpg,4,19.425800323486328,-99.17183685302734,0.028037745505571365
cdmx.jpg,5,19.425487518310547,-99.17037200927734,0.026033006608486176
